nom,pays,favorite,date,titre,bons_points,mauvais_points,note,type_etablissement,lieu,note_etablissement
Ren√©,Canada,1,2019-06-29,Exceptionnel,"Bien situ√©, rapport qualit√© prix, propret√©, respect de l'offre.",None,10,Appartements,Bordeaux," 8,1 "
Cino971,Guadeloupe,0,2019-09-04,"S√©jour agr√©able, logement bien situ√© proches toutes commodit√©s, h√¥te tr√®s serviable et r√©active!",Escalier tr√®s pentu √† l'int√©rieur du logement pour acc√©der aux chambres (non pr√©cis√© sur Booking),Escalier tr√®s pentu √† l'int√©rieur du logement pour acc√©der aux chambres (non pr√©cis√© sur Booking),"8,3",Appartements,Bordeaux," 8,1 "
Marc,France,0,2019-07-04,TOUT OK,RIEN,RIEN,"9,2",Appartements,Bordeaux," 8,1 "
Pascal,France,0,2019-06-21,Bien ,La praticit√©,Ras,"7,9",Appartements,Bordeaux," 8,1 "
Anne,France,0,2019-06-16,Bien,La tranquillit√©,Un peu cher j aurai pu √©conomiser 40 euros pour le menage,"7,9",Appartements,Bordeaux," 8,1 "
Waad,France,0,2019-05-23,Agr√©able,L'appartement est bien √©quip√© et ben d√©cor√©,Les lits n'est pas confortable,"7,9",Appartements,Bordeaux," 8,1 "
Famille,France,0,2019-05-06,Fabuleux ,"Un petit message de la part des propri√©taires nous indiquant o√π trouver les cl√©s et nous souhaitant un bon s√©jour.
Literie tr√®s agr√©able.. Odeur de frais tr√®s appr√©ciable.",None,"9,2",Appartements,Bordeaux," 8,1 "
Nicolas,France,0,2019-04-30,Bien ,"Appartement au rdc agr√©able et fonctionnel, tr√®s bien plac√©.","Immeuble mal insonoris√©.
Certains √©quipements √† revoir : rideau de douche trop petit et po√™le √† frire en tr√®s mauvais √©tat.","7,9",Appartements,Bordeaux," 8,1 "
Suzanne,France,0,2019-04-28,Tr√®s bon rapport qualit√© prix,"La proximit√© du centre et de la gare
Appartement vaste",Absence parking pratique,"8,8",Appartements,Bordeaux," 8,1 "
Xavier,France,0,2019-04-04,Tr√®s bien,"Int√©rieur sympa, rue calme et garable a 50m de la gare","Rien ou presque: manque un support savon dans douche, rideau trop petit voire a changer pour porte.","8,3",Appartements,Bordeaux," 8,1 "
Ang√©lique,France,0,2019-03-11,Tr√®s bien,Tr√®s bon accueil pour une r√©servation tardive.,"Manque de produits de 1√®re n√©cessit√© comme sacs poubelle, sopalin...
Escalier qui m√®ne aux deux chambres assez raide!","8,3",Appartements,Bordeaux," 8,1 "
Nadezhda,Russie,0,2019-01-29,pr√®s de la gare Saint Jean. l'appartement est chaud et propre,pr√®s de la gare Saint Jean,None,"7,9",Appartements,Bordeaux," 8,1 "
Emmanuel,France,0,2019-01-23,Exceptionnel,"La situation g√©ographique √† proximit√© de la gare est id√©ale (gare, bus, tram √† 50m) et la rue est particuli√®rement calme. Appartement parfait pour visiter Bordeaux. 
Nous avons appr√©ci√© la d√©coration de cet appartement tr√®s bien r√©nov√© dans un petit immeuble ancien. 
Le syst√®me de bo√Æte √† cl√© (d√©couvert √† cette occasion) est tr√®s astucieux et pratique. 
Il nous a √©t√© tr√®s utile pour √©viter des d√©placements ; chacun pouvant laisser ou r√©cup√©rer la cl√© devant la porte
Nos h√¥tes se sont montr√©s tr√®s attentionn√©s.","Une notice pour le tri s√©lectif serait utile. 
Dans l'une des chambres, il serait judicieux d'avoir deux lits jumeaux plut√¥t qu'un lit double. 
Enfin une petite serviette √©ponge en plus des grands draps de bain serait appr√©ciable. 
Mais ce sont des petits d√©tails ...","9,6",Appartements,Bordeaux," 8,1 "
Jean-jacques,Nouvelle-Cal√©donie,0,2019-01-05,Tr√®s bien,"Le calme et la proximit√© de la gare.
Lit confortable.",None,"8,3",Appartements,Bordeaux," 8,1 "
Albane,France,0,2018-12-09,Bonne nuit reposante,"Lit tr√®s confortable, appartement tr√®s joli avec du cachet","Manque de chauffage √† l‚Äôarriv√©e , un petit plaid sur les lits serait une bonne id√©e pour un aspect plus cosy !","7,9",Appartements,Bordeaux," 8,1 "
Tarik,France,0,2018-10-26,S√©jour en famille confortable √† Bordeaux,Emplacement juste √† c√¥t√© de la gare. Logement calme et spacieux. De plus j'ai trouv√© une place dans la rue du logement tous les soirs.,L√©g√®re odeur qui remonte des canalisations sans doute par manque d'usage quotidien mais rien de bien m√©chant. Un aspirateur serait √©galement le bienvenu pour nettoyer les tapis apr√®s les repas üòÉ,"7,5",Appartements,Bordeaux," 8,1 "
Pierre,Luxembourg,0,2018-09-03,Id√©al pour une famille de 4 personnes pour un s√©jour prolong√© √† Bordeaux.,"Tr√®s spacieux, 2 vrais chambres, grande cuisine bien √©quip√©e. Grande salle de bain. Tr√®s proche du tramway. Tr√®s propre et organisation parfaite au niveau de la communication et des clefs.",Lit convertible pas tr√®s confortable et pas de fauteuil ou canap√© dans le salon quand d√©pli√©. Wi-Fi peu puissant. Quartier assez sale et mal fr√©quent√© (gare). Une chambre avec 2 lits individuels serait pr√©f√©rable.,"7,9",Appartements,Bordeaux," 8,1 "
Naoual,France,0,2018-06-02,tr√®s agr√©able appartement agenc√© avec beaucoup de go√ªt,la d√©co tr√®s √©pur√©e et la situation g√©ographique,Les pas lourds des voisins du dessus,"9,5",Appartements,Bordeaux," 8,1 "
Ma,Allemagne,0,2019-10-30,Exceptionnel,C'√©tait tr√®s confortable et bien √©quip√©.,None,10,Appartements,Bordeaux," 8,1 "
El√©onorej,France,0,2019-06-18,Exceptionnel,"Tr√®s bonne surprise avec cet appartement.
Nous √©tions tr√®s satisfait. Super rapport qualit√© prix !
Rien √† redire pour 1 nuit avec des amis. Parfait pour se faire le petit d√©jeuner tranquillement le matin,
Localisation parfaite (gare, tram, bus √† 1 minute).",None,10,Appartements,Bordeaux," 8,1 "
Yasmine,France,0,2019-03-28,Merci pour votre professionnalisme C√©line !,"J'ai particuli√®rement appr√©ci√© la r√©activit√© et la flexibilit√© de la personne qui s'est occup√©e de mon s√©jour (C√©line). Elle a accept√© d'anticiper l'heure de check-in. L'appartement est tr√®s spacieux, bien am√©nag√©, bien √©quip√©, la d√©co est super :) 
Emplacement id√©al, √† 1 minute √† pieds de la gare, proche de plusieurs commerces qui sont ouverts jusqu'√† tard la nuit. Tout est √† proximit√© et la rue est calme. 
J'ai ador√©!",None,10,Appartements,Bordeaux," 8,1 "
Ma,France,0,2019-01-03,Surfactur√© par rapport √† la prestation,"L'appartement est joliment d√©cor√© et simple 
sa localit√© √† c√¥t√© de la gare et un point fort","Il est inconcevable que au mois de janvier aucune couverture ne soit mise √† disposition.un simple drap poser sur le lit . Nous avons eu tous froid et avons du augmenter le chauffage.
La rue est bruyante
La porte de la chambre ne se ferme pas completement
Les pas des voisins du dessus nous ont fortement d√©rang√©s
Et summum, concernant le parking nous avons √©t√© factur√© de 30 ‚Ç¨ par la mairie de Bordeaux car nous n'avions pas remarqu√© que le stationnement √©tait payant devant l'appartement !! 30 euros !!! 
Le prix de l'appartement est surfactur√©","5,0",Appartements,Bordeaux," 8,1 "
Agencement,France,0,2018-12-03,PARFAIT,communication - acc√®s,RAS,10,Appartements,Bordeaux," 8,1 "
Pierre,France,0,2018-11-01,Une halte agr√©able,"La clart√© des instructions pour r√©cup√©rer les cl√©s
La propret√© de l'appartement
Le confort des √©quipements 
La situation pr√®s de la gare St Jean et du noeud routier",None,10,Appartements,Bordeaux," 8,1 "
Me,B√©nin,0,2018-08-31,Passable,Proximit√© de la gare,Sommaire et trop impersonnel,"5,4",Appartements,Bordeaux," 8,1 "
Philippe,France,0,2018-07-02,Bien plac√© mais √©vitez les jours de chaleur,"Tr√®s pr√®s de la Gare. Cuisine correctement √©quip√©e.
Box Free","Le manque de clim. Une chaleur √©touffante en cette p√©riode.
Soit ouvrir le VELUX pour avoir un peu de fra√Æcheur et se faire piquer par les moustiques
Soit avoir un ventilateur tr√®s fonctionnel toute la nuit.
Isolation phonique absente avec le voisin du dessous bien bruyant.","6,2",Appartements,Bordeaux," 8,1 "
Anonyme,France,0,2019-09-30,Bien ,"Emplacement pratique avec le tram √† c√¥t√©, m√™me si zone pas parmi les plus belles de la ville. Appartement bien am√©nag√© et de qualit√©, des commerces √† proximit√©. Contact de l'√©tablissement soucieux de notre arriv√©e et √† disposition si besoin.","Bruit des voisins du 1er √©tage. Malgr√© l'intervention de notre contact, le bruit est rest√© important en soir√©e, et m√™me √† 6h du matin. Le niveau d'insonorisation est tr√®s faible.
Lit OK mais canap√©-lit juste correct.","7,0",Appartements,Bordeaux," 8,1 "
Anonyme,France,0,2019-04-19,Exceptionnel,"La pierre apparente, le confort et le silence malgr√© la gare √† proximit√©.",Le rideau de douche,"9,6",Appartements,Bordeaux," 8,1 "
Anonyme,France,0,2018-11-23,"Bien, mais quelques d√©fauts a corriger d‚Äôurgence","proximit√© gare, facilit√© d‚Äôacc√®s
Mise √† part quelques soucis,tr√®s bel appartement, pensez √† apporter des capsules Nespresso","- pas de gel douche, savon etc. A ce prix, un minimum de n√©cessaire de toilette est n√©cessaire
- le volet sur la rue ne se verrouille pas. Surprenant en RDC, qui plus est quartier gare..
- gros probl√®me de bruit venant de la salle de bain. le placard semble renfermer une machine √† laver qui tourne toute la nuit...","7,9",Appartements,Bordeaux," 8,1 "
Anonyme,France,0,2018-11-19,Bien ,propre et fonctionnel,d√©cor un peu trop √©pur√©,"7,1",Appartements,Bordeaux," 8,1 "
Anonyme,France,0,2018-08-24,Bien ,Comme il faisait tr√®s chaud un ventilo suppl√©mentaire aurait √©t√© bien comme nous √©tions 6,Comme il faisait tr√®s chaud un ventilo suppl√©mentaire aurait √©t√© bien comme nous √©tions 6,"7,5",Appartements,Bordeaux," 8,1 "
Anonyme,France,0,2018-08-07,Superbe,"Appartement propre et confortable. Vaisselle et ustensiles largement suffisant pour 5/6 personnes. Literie confortable, communication avec le propri√©taire parfaite. Rue calme. Gare et transports √† proximit√© et places de parking payantes dans la rue.",Ne pas trop se promener seul le soir autour de la gare.,"8,8",Appartements,Bordeaux," 8,1 "
Pascale,France,0,2020-01-01,Tr√®s bien,Ce client n'a pas laiss√© de commentaire.,None,"8,0",Appartements,Bordeaux," 8,1 "
Nicolas,France,0,2019-11-20,Tr√®s bien,Ce client n'a pas laiss√© de commentaire.,None,"8,0",Appartements,Bordeaux," 8,1 "
Caroline,France,0,2019-10-28,Bien ,Ce client n'a pas laiss√© de commentaire.,None,"7,9",Appartements,Bordeaux," 8,1 "
Mathieu,France,0,2019-10-17,Tr√®s bien,Ce client n'a pas laiss√© de commentaire.,None,"8,0",Appartements,Bordeaux," 8,1 "
Clotilde,France,0,2019-09-23,Bien ,Ce client n'a pas laiss√© de commentaire.,None,"7,9",Appartements,Bordeaux," 8,1 "
Josephine,France,0,2019-08-17,Bien ,Ce client n'a pas laiss√© de commentaire.,None,"7,5",Appartements,Bordeaux," 8,1 "
Robin,France,0,2019-08-14,Tr√®s bien,Ce client n'a pas laiss√© de commentaire.,None,"8,3",Appartements,Bordeaux," 8,1 "
Therese,France,0,2019-07-24,Superbe,Ce client n'a pas laiss√© de commentaire.,None,"8,8",Appartements,Bordeaux," 8,1 "
Damien,France,0,2019-06-03,Bien ,Ce client n'a pas laiss√© de commentaire.,None,"7,1",Appartements,Bordeaux," 8,1 "
Genevieve,Allemagne,0,2019-05-28,Exceptionnel,Ce client n'a pas laiss√© de commentaire.,None,"9,6",Appartements,Bordeaux," 8,1 "
Laure,France,0,2019-05-01,Bien ,Ce client n'a pas laiss√© de commentaire.,None,"7,5",Appartements,Bordeaux," 8,1 "
Fabrice,France,0,2019-03-03,Bien ,Ce client n'a pas laiss√© de commentaire.,None,"7,1",Appartements,Bordeaux," 8,1 "
Bodin,France,0,2018-06-12,Tr√®s bien,Ce client n'a pas laiss√© de commentaire.,None,"8,3",Appartements,Bordeaux," 8,1 "
R√©my,France,0,2020-02-24,Exceptionnel,Ce client n'a pas laiss√© de commentaire.,None,10,Appartements,Bordeaux," 8,1 "
Agencement,France,0,2018-11-09,Exceptionnel,Ce client n'a pas laiss√© de commentaire.,None,10,Appartements,Bordeaux," 8,1 "
Jr,France,0,2018-06-11,Exceptionnel,Ce client n'a pas laiss√© de commentaire.,None,10,Appartements,Bordeaux," 8,1 "
Anonyme,France,0,2018-07-10,Tr√®s bien,Ce client n'a pas laiss√© de commentaire.,None,"8,3",Appartements,Bordeaux," 8,1 "
Anonyme,France,0,2018-11-15,Exceptionnel,Ce client n'a pas laiss√© de commentaire.,None,10,Appartements,Bordeaux," 8,1 "
Patricia,Royaume-Uni,1,2019-08-01,Exceptionnel,Excellent location and beautiful apartment,None,10,Appartement,Bordeaux," 8,5 "
Charlie,Royaume-Uni,0,2019-08-17,Great flat for central Bordeaux,Everything else was great. Quiet and very central. Perfect for what we wanted. Thanks!,None,"9,6",Appartement,Bordeaux," 8,5 "
Dutch,Royaume-Uni,0,2019-05-30,"Bordeaux is ""AT PEACE"" with itself, and so are the majority of it's residents.",Good Location and facitities. Quiet and secure at night.,None,"8,8",Appartement,Bordeaux," 8,5 "
Philip,Royaume-Uni,0,2019-06-27,Good overall but small tweaks required,Stone walls added character and location was superb,None,"6,2",Appartement,Bordeaux," 8,5 "
Adrian,√âtats-Unis,0,2019-05-25,The host was not really helpful.,We had no warm water for 24 h.,None,"5,4",Appartement,Bordeaux," 8,5 "
Anonyme,Royaume-Uni,0,2018-08-29,Gorgeous apartment!,"Gorgeous apartment: beautifully decorated with everything we needed, very calm, quiet and comfortable. Easy walking distance to all the attractions in central Bordeaux, with a lovely all important boulangerie for breakfast a couple of minutes down the street. Parking was simple in the public car park 5-10 mins walk away, or they can arrange somewhere slightly further but cheaper. Would definitely recommend this place for a family, couple or small group of friends.",None,"9,6",Appartement,Bordeaux," 8,5 "
Kirsty,Royaume-Uni,0,2019-08-19,Exceptionnel,Ce client n'a pas laiss√© de commentaire.,None,10,Appartement,Bordeaux," 8,5 "
Matt,Australie,0,2018-08-04,Exceptionnel,Ce client n'a pas laiss√© de commentaire.,None,10,Appartement,Bordeaux," 8,5 "
Anonyme,Royaume-Uni,0,2018-09-09,Assez m√©diocre ,Ce client n'a pas laiss√© de commentaire.,None,"3,3",Appartement,Bordeaux," 8,5 "
Juan,Espagne,1,2018-07-25,Fabuleux ,"Amplio, bien equipado, confortable.",None,"9,2",Appartement,Bordeaux," 8,6 "
